{"nrb0LjV":{"title":"abc","urls":["https://ipallinone.com/home-page/"],"referrers":[],"duration":[120,350],"mainMacro":"await WaitForLoading();\nawait Delay(Random(3000, 5000));\nSendMouseWheel(0, -500);\nawait Delay(Random(2000, 3000));\nSendMouseWheel(0, -600);\nClickRandomInternalLink();\nawait Delay(Random(3000, 5000));\nSendMouseWheel(0, -800);\nClickRandomInternalLink();\nawait Delay(Random(2000, 3000));\nSendMouseWheel(0, -200);\nawait Delay(Random(2000, 3000));\nSendMouseWheel(0, 800);\nawait Delay(Random(2000, 3000));\nClickRandomInternalLink();\nawait WaitForLoading();\nawait Delay(Random(2000, 3000));\nSendMouseWheel(0, -500);\nawait Delay(Random(2000, 3000));\nSendMouseWheel(0, -600);\nawait Delay(Random(2000, 3000));\nSendMouseWheel(0, -800);\nawait Delay(Random(3000, 5000));\nSendMouseWheel(0, -200);\nClickRandomInternalLink();\nawait Delay(Random(2000, 3000));\nSendMouseWheel(0, 800);\nawait Delay(Random(2000, 3000));\nClickByXpath(GenerateXpath(\"a\", \"href\", \"%\"));\nawait WaitForLoading();\nawait Delay(Random(3000, 5000));\nSendMouseWheel(0, -500);\nawait Delay (Random(10000, 20000));\nrandNum = Random(0, 100);\nif (randNum < 20)\n{\n   await ClickRandomLink();\n}","popMacro":"","maxPopups":8,"blockRegex":"","acceptLanguages":["AF","AX","AL","DZ","AS","AD","AO","AI","AQ","AG","AR","AM","AW","AU","AT","AZ","BS","BH","BD","BB","BY","BE","BZ","BJ","BM","BT","BO","BA","BW","BR","BN","BG","BF","BI","KH","CM","CA","CV","KY","CF","TD","CL","CN","CX","CC","CO","KM","CG","CD","CK","CR","CI","HR","CU","CY","CZ","DK","DJ","DM","DO","EC","EG","SV","GQ","ER","EE","ET","FK","FO","FJ","FI","FR","PF","TF","GA","GM","GE","DE","GH","GI","GR","GL","GD","GP","GU","GT","GG","GN","GW","GY","HT","VA","HN","HK","HU","IS","IN","ID","IR","IQ","IE","IM","IL","IT","JM","JP","JE","JO","KZ","KE","KI","KR","KW","KG","LA","LV","LB","LS","LR","LY","LI","LT","LU","MO","MK","MG","MW","MY","MV","ML","MT","MH","MQ","MR","MU","YT","MX","FM","MD","MC","MN","ME","MS","MA","MZ","MM","NA","NR","NP","NL","AN","NC","NZ","NI","NE","NG","NU","NF","MP","NO","OM","PK","PW","PS","PA","PG","PY","PE","PH","PN","PL","PT","PR","QA","RE","RO","RU","RW","BL","SH","KN","LC","MF","VC","WS","SM","ST","SA","SN","RS","SC","SL","SG","SK","SI","SB","SO","ZA","GS","ES","LK","SD","SR","SZ","SE","CH","SY","TW","TJ","TZ","TH","TL","TG","TK","TO","TT","TN","TR","TM","TC","TV","UG","UA","AE","GB","US","UY","UZ","VU","VE","VN","VG","VI","WF","EH","YE","ZM","ZW"],"disImgRate":0,"enabled":true,"id":"nrb0LjV","selected":true,"userAgent":"global"}}